cluster_name,keyword,search_volume,keyword_difficulty,keyword_category,search_intent
Zeitarbeit & Personalverleih: Recht & Praxis,zeitarbeit krankheit,0,0,Primary Keyword,informational
Zeitarbeit & Personalverleih: Recht & Praxis,zeitarbeit urteil,0,0,Secondary Keyword,informational
Zeitarbeit & Personalverleih: Recht & Praxis,personalleasing gesundheitswesen,0,0,Secondary Keyword,informational
Zeitarbeit & Personalverleih: Recht & Praxis,leiharbeit in der pflege,0,0,Primary Keyword,informational
Zeitarbeit & Personalverleih: Recht & Praxis,merkblatt leiharbeit,0,0,Secondary Keyword,informational
Zeitarbeit & Personalverleih: Recht & Praxis,zeitarbeit,6347,38,Primary Keyword,informational
Zeitarbeit & Personalverleih: Recht & Praxis,zeitarbeitsfirma,4732,91,Primary Keyword,informational
Zeitarbeit & Personalverleih: Recht & Praxis,leiharbeit,115,15,Primary Keyword,commercial
Zeitarbeit & Personalverleih: Recht & Praxis,arbeitnehmerüberlassung pflege,0,15,Primary Keyword,informational
Zeitarbeit & Personalverleih: Recht & Praxis,zeitarbeitskräfte,0,7,Secondary Keyword,commercial
Zeitarbeit & Personalverleih: Recht & Praxis,leiharbeitnehmer,115,8,Secondary Keyword,informational
Zeitarbeit & Personalverleih: Recht & Praxis,zeitarbeit in der pflege,115,12,Primary Keyword,informational
Zeitarbeit & Personalverleih: Recht & Praxis,arbeitsunfähigkeit zeitarbeit,0,0,Secondary Keyword,informational
Zeitarbeit & Personalverleih: Recht & Praxis,leiharbeit pflege,0,27,Primary Keyword,informational
Zeitarbeit & Personalverleih: Recht & Praxis,lohnfortzahlung personaldienstleister,0,0,Secondary Keyword,informational
Zeitarbeit & Personalverleih: Recht & Praxis,atypische beschäftigung,346,20,Primary Keyword,informational
Zeitarbeit & Personalverleih: Recht & Praxis,pflegequalität zeitarbeit,0,0,Secondary Keyword,informational
Zeitarbeit & Personalverleih: Recht & Praxis,aüg reform pflege,0,0,Secondary Keyword,informational
Zeitarbeit & Personalverleih: Recht & Praxis,krankmeldung zeitarbeit,0,27,Secondary Keyword,informational
Zeitarbeit Entgelte & Tarife,zeitarbeit tariflohn,0,25,Primary Keyword,informational
Zeitarbeit Entgelte & Tarife,tariferhöhung zeitarbeit,0,0,Primary Keyword,informational
Zeitarbeit Entgelte & Tarife,zeitarbeit 2024,0,0,Primary Keyword,informational
Zeitarbeit Entgelte & Tarife,zeitarbeit stundenlohn,0,0,Primary Keyword,informational
Zeitarbeit Entgelte & Tarife,entgeltfortzahlung zeitarbeit,0,0,Primary Keyword,informational
Zeitarbeit Entgelte & Tarife,tarifverhandlungen zeitarbeit,0,16,Secondary Keyword,informational
Zeitarbeit Entgelte & Tarife,entgelterhöhung zeitarbeit,0,0,Secondary Keyword,informational
Zeitarbeit Entgelte & Tarife,tarifabschluss zeitarbeit,0,0,Primary Keyword,informational
Zeitarbeit Entgelte & Tarife,branchenzuschläge,115,0,Secondary Keyword,informational
Zeitarbeit Entgelte & Tarife,arbeitszeitkonto zeitarbeit,0,50,Secondary Keyword,informational
Zeitarbeit Entgelte & Tarife,zeitarbeit 2025,0,0,Primary Keyword,informational
Zeitarbeit Entgelte & Tarife,entgelttabellen zeitarbeit,0,0,Secondary Keyword,informational
Zeitarbeit Entgelte & Tarife,personaldienstleistung tarifvertrag,0,0,Secondary Keyword,informational
Zeitarbeit Entgelte & Tarife,equal pay zeitarbeit,346,3,Secondary Keyword,commercial
Zeitarbeit Entgelte & Tarife,tarifwerk zeitarbeit,0,0,Secondary Keyword,informational
Zeitarbeit Entgelte & Tarife,branchenzuschläge zeitarbeit,230,0,Primary Keyword,informational
Zeitarbeit Entgelte & Tarife,lohnerhöhung zeitarbeit,0,0,Secondary Keyword,informational
Zeitarbeit Entgelte & Tarife,gehaltsabrechnung zeitarbeit,0,0,Secondary Keyword,informational
Zeitarbeit Entgelte & Tarife,tarifvertrag zeitarbeit,115,18,Primary Keyword,informational
Zeitarbeit Entgelte & Tarife,mindestlohn zeitarbeit,115,0,Secondary Keyword,informational
Zeitarbeit Entgelte & Tarife,minusstunden zeitarbeit,0,0,Primary Keyword,informational
Zeitarbeit Entgelte & Tarife,entgeltgruppen zeitarbeit,0,14,Secondary Keyword,transactional
Zeitarbeit Entgelte & Tarife,personaldienstleistung entgelttabellen,0,0,Secondary Keyword,informational
Zeitarbeit Entgelte & Tarife,tarifverträge zeitarbeit,0,20,Secondary Keyword,informational
Zeitarbeit Entgelte & Tarife,entgelttarifvertrag zeitarbeit,0,0,Primary Keyword,informational
Zeitarbeit Entgelte & Tarife,zeitarbeit 2026,0,0,Primary Keyword,informational
Zeitarbeit Entgelte & Tarife,tarifzuschläge,0,0,Secondary Keyword,commercial
Zeitarbeit Entgelte & Tarife,zeitarbeitsverbände,0,0,Secondary Keyword,informational
Zeitarbeit Entgelte & Tarife,lohnkosten zeitarbeit,0,0,Secondary Keyword,informational
Zeitarbeit Entgelte & Tarife,zeitarbeit tarifvertrag,115,20,Secondary Keyword,transactional
Zeitarbeit Entgelte & Tarife,tariflohn zeitarbeit,0,24,Secondary Keyword,informational
Zeitarbeit Entgelte & Tarife,lohnuntergrenze zeitarbeit,0,0,Primary Keyword,informational
Zeitarbeit Entgelte & Tarife,zeitarbeit abrechnung,0,0,Secondary Keyword,commercial
Zeitarbeit Entgelte & Tarife,zeitarbeit entgelt,0,0,Primary Keyword,informational
Zeitarbeit Entgelte & Tarife,lohnabrechnung zeitarbeit,0,44,Secondary Keyword,transactional
Digitale Transformation Personaldienstleistung,datensicherheit personaldienstleister,0,0,Secondary Keyword,commercial
Digitale Transformation Personaldienstleistung,personaldienstleistung branche,0,0,Secondary Keyword,informational
Digitale Transformation Personaldienstleistung,digitalisierung personaldienstleistung,0,0,Secondary Keyword,informational
Digitale Transformation Personaldienstleistung,ki in der personaldienstleistung,0,0,Primary Keyword,commercial
Digitale Transformation Personaldienstleistung,zukunft personal europe,923,10,Secondary Keyword,informational
Digitale Transformation Personaldienstleistung,prozessautomatisierung personaldienstleistung,0,0,Secondary Keyword,commercial
Digitale Transformation Personaldienstleistung,personaldienstleistung digitalisierung,0,0,Secondary Keyword,commercial
Digitale Transformation Personaldienstleistung,fachkongress personaldienstleistung,0,0,Secondary Keyword,informational
Digitale Transformation Personaldienstleistung,personaldienstleister digitalisierung,0,0,Primary Keyword,informational
Digitale Transformation Personaldienstleistung,lünendonk-studie,0,8,Secondary Keyword,informational
Digitale Transformation Personaldienstleistung,zeitarbeit digitalisierung,0,0,Primary Keyword,informational
Digitale Transformation Personaldienstleistung,ki in der zeitarbeit,0,0,Primary Keyword,informational
Digitale Transformation Personaldienstleistung,digitale workflows zeitarbeit,0,0,Secondary Keyword,commercial
Digitale Transformation Personaldienstleistung,automatisierung zeitarbeit,0,0,Secondary Keyword,commercial
Digitale Transformation Personaldienstleistung,prozesssicherheit zeitarbeit,0,0,Secondary Keyword,commercial
Digitale Transformation Personaldienstleistung,onboarding zeitarbeit,0,0,Primary Keyword,informational
Digitale Transformation Personaldienstleistung,innovationsevent personaldienstleistung,0,0,Primary Keyword,commercial
Digitale Transformation Personaldienstleistung,branchenstudie personaldienstleister,0,0,Secondary Keyword,informational
Digitale Transformation Personaldienstleistung,zeitarbeit prozessoptimierung,0,0,Secondary Keyword,commercial
Digitale Transformation Personaldienstleistung,digitalisierung zeitarbeit,0,0,Secondary Keyword,commercial
Strategische Personalplanung & Controlling,personalbedarf,0,0,Primary Keyword,commercial
Strategische Personalplanung & Controlling,personalbedarf berechnen,0,0,Primary Keyword,informational
Strategische Personalplanung & Controlling,ersatzbedarf,0,0,Secondary Keyword,informational
Strategische Personalplanung & Controlling,personalverwaltung,461,0,Primary Keyword,commercial
Strategische Personalplanung & Controlling,benchmarking personalwesen,0,0,Primary Keyword,informational
Strategische Personalplanung & Controlling,hr-controlling,0,0,Primary Keyword,informational
Strategische Personalplanung & Controlling,personalmanagement,1385,20,Secondary Keyword,informational
Strategische Personalplanung & Controlling,personalbedarfsplanung,807,0,Primary Keyword,informational
Strategische Personalplanung & Controlling,personalplanung,923,0,Secondary Keyword,informational
Strategische Personalplanung & Controlling,personalcontrolling instrumente,0,52,Primary Keyword,informational
Strategische Personalplanung & Controlling,personalcontrolling,0,0,Secondary Keyword,informational
Strategische Personalplanung & Controlling,fluktuationskosten,0,0,Secondary Keyword,informational
Strategische Personalplanung & Controlling,personalwesen auslagern,0,0,Primary Keyword,informational
Strategische Personalplanung & Controlling,personalbedarf vorhersagen,0,0,Secondary Keyword,informational
Strategische Personalplanung & Controlling,personaler,230,0,Secondary Keyword,informational
Strategische Personalplanung & Controlling,prozessoptimierung personalabteilung,0,0,Secondary Keyword,informational
Strategische Personalplanung & Controlling,altersstrukturanalyse,115,0,Secondary Keyword,informational
Strategische Personalplanung & Controlling,bruttopersonalbedarf,0,0,Secondary Keyword,informational
Strategische Personalplanung & Controlling,personalwesen,461,0,Primary Keyword,informational
Strategische Personalplanung & Controlling,quantitative personalbedarfsermittlung,115,40,Secondary Keyword,informational
Strategische Personalplanung & Controlling,personalprozesse effizient gestalten,0,0,Secondary Keyword,informational
Strategische Personalplanung & Controlling,nettopersonalbedarf,230,0,Secondary Keyword,informational
Moderne Recruiting-Strategie & Prozesse,employer branding,6578,35,Primary Keyword,informational
Moderne Recruiting-Strategie & Prozesse,recruiting-strategie,0,0,Secondary Keyword,commercial
Moderne Recruiting-Strategie & Prozesse,candidate personas,0,0,Secondary Keyword,informational
Moderne Recruiting-Strategie & Prozesse,recruiting kpis,115,0,Primary Keyword,informational
Moderne Recruiting-Strategie & Prozesse,candidate journey,461,0,Secondary Keyword,informational
Moderne Recruiting-Strategie & Prozesse,active sourcing tools,0,19,Primary Keyword,commercial
Moderne Recruiting-Strategie & Prozesse,hr-prozesse automatisieren,0,0,Secondary Keyword,informational
Moderne Recruiting-Strategie & Prozesse,recruiting-lösungen,0,16,Secondary Keyword,commercial
Moderne Recruiting-Strategie & Prozesse,cost-per-hire,0,0,Secondary Keyword,informational
Moderne Recruiting-Strategie & Prozesse,applicant tracking system,1269,26,Secondary Keyword,commercial
Moderne Recruiting-Strategie & Prozesse,hr trends 2025,230,0,Secondary Keyword,commercial
Moderne Recruiting-Strategie & Prozesse,arbeitgeber-bewertungsportale,0,0,Primary Keyword,informational
Moderne Recruiting-Strategie & Prozesse,recruiting software,461,12,Primary Keyword,commercial
Moderne Recruiting-Strategie & Prozesse,time-to-hire senken,0,0,Secondary Keyword,commercial
Moderne Recruiting-Strategie & Prozesse,passive sourcing,0,0,Primary Keyword,informational
Moderne Recruiting-Strategie & Prozesse,recruiting,14311,13,Secondary Keyword,informational
Moderne Recruiting-Strategie & Prozesse,employer branding recruiting,0,0,Secondary Keyword,informational
Moderne Recruiting-Strategie & Prozesse,candidate persona,807,0,Secondary Keyword,informational
Moderne Recruiting-Strategie & Prozesse,active sourcing,1615,15,Secondary Keyword,informational
Moderne Recruiting-Strategie & Prozesse,recruiting-software,0,40,Secondary Keyword,informational
Moderne Recruiting-Strategie & Prozesse,performance recruiting,0,0,Secondary Keyword,commercial
Moderne Recruiting-Strategie & Prozesse,online-recruiting,0,34,Primary Keyword,informational
Moderne Recruiting-Strategie & Prozesse,candidate experience,692,6,Secondary Keyword,commercial
Moderne Recruiting-Strategie & Prozesse,talentpool,1385,8,Secondary Keyword,commercial
Moderne Recruiting-Strategie & Prozesse,jobportal,9925,100,Secondary Keyword,informational
Moderne Recruiting-Strategie & Prozesse,recruiting-strategien,0,0,Primary Keyword,informational
Moderne Recruiting-Strategie & Prozesse,time-to-hire verkürzen,0,0,Secondary Keyword,informational
Moderne Recruiting-Strategie & Prozesse,hr-trends,0,12,Secondary Keyword,informational
Moderne Recruiting-Strategie & Prozesse,recruiting trends,0,12,Secondary Keyword,informational
Moderne Recruiting-Strategie & Prozesse,best practices hr,0,0,Secondary Keyword,informational
Moderne Recruiting-Strategie & Prozesse,hr-messe,0,3,Secondary Keyword,commercial
Pflege-Fachkräftemangel: Strategien & Lösungen,personalengpässe pflege,0,0,Secondary Keyword,informational
Pflege-Fachkräftemangel: Strategien & Lösungen,strukturprobleme pflegeberuf,0,0,Secondary Keyword,informational
Pflege-Fachkräftemangel: Strategien & Lösungen,branchenumfrage,0,0,Secondary Keyword,informational
Pflege-Fachkräftemangel: Strategien & Lösungen,fachkräftemangel,3693,43,Secondary Keyword,informational
Pflege-Fachkräftemangel: Strategien & Lösungen,arbeitsmarkt,3462,37,Primary Keyword,informational
Pflege-Fachkräftemangel: Strategien & Lösungen,bedarf an arbeitskräften,0,0,Secondary Keyword,informational
Pflege-Fachkräftemangel: Strategien & Lösungen,arbeitsmarktintegration,0,14,Secondary Keyword,informational
Pflege-Fachkräftemangel: Strategien & Lösungen,fachkräfteeinwanderung,230,20,Secondary Keyword,informational
Pflege-Fachkräftemangel: Strategien & Lösungen,fachkräfteengpässe akquirieren,0,0,Secondary Keyword,informational
Pflege-Fachkräftemangel: Strategien & Lösungen,fachkräftemangel pflege,115,33,Secondary Keyword,informational
Pflege-Fachkräftemangel: Strategien & Lösungen,fachkräfte,692,14,Primary Keyword,informational
Pflege-Fachkräftemangel: Strategien & Lösungen,geflüchtete integrieren,0,0,Primary Keyword,informational
Pflege-Fachkräftemangel: Strategien & Lösungen,personalmangel pflege,0,25,Secondary Keyword,informational
Pflege-Fachkräftemangel: Strategien & Lösungen,demografischer wandel,6925,21,Secondary Keyword,informational
Pflege-Fachkräftemangel: Strategien & Lösungen,rentner als arbeitskräfte,0,0,Secondary Keyword,informational
Digitale Unternehmenssteuern & Compliance,elster-unternehmenskonto,0,56,Secondary Keyword,informational
Digitale Unternehmenssteuern & Compliance,bundeszentralamt für steuern,27353,26,Secondary Keyword,informational
Digitale Unternehmenssteuern & Compliance,verspätungszuschlag,1962,17,Secondary Keyword,informational
Digitale Unternehmenssteuern & Compliance,arbeitnehmer-sparzulage,7155,15,Secondary Keyword,informational
Digitale Unternehmenssteuern & Compliance,umsatzsteuer-identifikationsnummer,6001,28,Secondary Keyword,informational
Digitale Unternehmenssteuern & Compliance,wirtschafts-identifikationsnummer,10156,7,Primary Keyword,informational
Digitale Unternehmenssteuern & Compliance,lohnsteuerbescheinigung,27469,12,Secondary Keyword,informational
Digitale Unternehmenssteuern & Compliance,steuererklärung kurzarbeitergeld,115,0,Primary Keyword,informational
Digitale Prozessoptimierung & Cloud-Transformation,arbeitsprozesse optimieren,0,0,Secondary Keyword,informational
Digitale Prozessoptimierung & Cloud-Transformation,digitale prozessoptimierung,0,10,Primary Keyword,informational
Digitale Prozessoptimierung & Cloud-Transformation,einsatzbetrieb,0,0,Secondary Keyword,informational
Digitale Prozessoptimierung & Cloud-Transformation,eau-verfahren,115,32,Secondary Keyword,informational
Digitale Prozessoptimierung & Cloud-Transformation,cloudbasierte softwarelösung,0,0,Secondary Keyword,commercial
Digitale Prozessoptimierung & Cloud-Transformation,prozessoptimierung,1962,24,Secondary Keyword,informational
Digitale Prozessoptimierung & Cloud-Transformation,unternehmensumstrukturierung,0,0,Secondary Keyword,commercial
Digitale Prozessoptimierung & Cloud-Transformation,branchenstudie,0,0,Secondary Keyword,informational
Digitale Prozessoptimierung & Cloud-Transformation,cloud-lösung,0,24,Secondary Keyword,commercial
Digitale Prozessoptimierung & Cloud-Transformation,automatisierung,2654,27,Secondary Keyword,informational
Digitale Prozessoptimierung & Cloud-Transformation,digitalisierungsstrategie,0,17,Secondary Keyword,informational
Digitale Prozessoptimierung & Cloud-Transformation,digitale transformation,10041,24,Secondary Keyword,informational
Digitale Prozessoptimierung & Cloud-Transformation,ki im unternehmen,346,13,Primary Keyword,informational
Digitale Prozessoptimierung & Cloud-Transformation,robotik,9002,18,Secondary Keyword,informational
Digitale Prozessoptimierung & Cloud-Transformation,aüg software,0,0,Secondary Keyword,informational
Digitale Prozessoptimierung & Cloud-Transformation,produktivitäts-booster,0,0,Secondary Keyword,informational
Digitale Prozessoptimierung & Cloud-Transformation,digitalisierung,5193,28,Secondary Keyword,informational
Digitale Prozessoptimierung & Cloud-Transformation,elektronischer datenaustausch,0,10,Secondary Keyword,informational
Digitale Prozessoptimierung & Cloud-Transformation,digitale disposition,0,0,Secondary Keyword,commercial
Digitale Prozessoptimierung & Cloud-Transformation,digitalisierung hr,0,0,Secondary Keyword,commercial
Digitale Prozessoptimierung & Cloud-Transformation,automatisierung verwaltung,0,0,Secondary Keyword,informational
Digitale Prozessoptimierung & Cloud-Transformation,digitale prozesse,115,0,Secondary Keyword,informational
Digitale Prozessoptimierung & Cloud-Transformation,papierlose prozesse,0,0,Secondary Keyword,informational
Digitale Prozessoptimierung & Cloud-Transformation,automatisierung workflows,0,0,Secondary Keyword,informational
Digitale Prozessoptimierung & Cloud-Transformation,cloudbasierte infrastruktur,0,0,Secondary Keyword,informational
Digitale Prozessoptimierung & Cloud-Transformation,auftragsabwicklung digitalisieren,0,0,Secondary Keyword,informational
Digitale Prozessoptimierung & Cloud-Transformation,effektive prompts,0,0,Secondary Keyword,informational
Recruiting- & Gesprächsleitfaden,einwände behandeln,0,47,Secondary Keyword,informational
Recruiting- & Gesprächsleitfaden,arbeitsvertrag inhalte,0,22,Primary Keyword,informational
Recruiting- & Gesprächsleitfaden,absage vorstellungsgespräch,577,0,Primary Keyword,informational
Recruiting- & Gesprächsleitfaden,unzulässige fragen,0,52,Secondary Keyword,informational
Recruiting- & Gesprächsleitfaden,lücken im lebenslauf,115,7,Secondary Keyword,informational
Recruiting- & Gesprächsleitfaden,ausbildung,105490,87,Primary Keyword,informational
Recruiting- & Gesprächsleitfaden,telefonakquise,346,0,Primary Keyword,informational
Recruiting- & Gesprächsleitfaden,gesprächsleitfaden,115,0,Secondary Keyword,informational
Recruiting- & Gesprächsleitfaden,diskriminierung im auswahlverfahren,0,0,Secondary Keyword,informational
Recruiting- & Gesprächsleitfaden,bewerbungsgespräch,7732,7,Primary Keyword,informational
Recruiting- & Gesprächsleitfaden,textform,1269,6,Secondary Keyword,informational
Recruiting- & Gesprächsleitfaden,studentenjobs,6347,56,Secondary Keyword,commercial
Recruiting- & Gesprächsleitfaden,lebenslauf,305161,66,Primary Keyword,informational
Recruiting- & Gesprächsleitfaden,berufserfahrung,2539,11,Secondary Keyword,informational
Recruiting- & Gesprächsleitfaden,arbeitsvertrag,9233,25,Primary Keyword,informational
Recruiting- & Gesprächsleitfaden,akquise-gespräch,0,0,Primary Keyword,informational
Recruiting- & Gesprächsleitfaden,bewerbungsabsage,115,4,Primary Keyword,informational
Recruiting- & Gesprächsleitfaden,absageschreiben vorlage,0,0,Secondary Keyword,informational
Recruiting- & Gesprächsleitfaden,agg konforme absage,0,0,Secondary Keyword,informational
Recruiting- & Gesprächsleitfaden,attraktiver lebenslauf,0,0,Primary Keyword,informational
Recruiting- & Gesprächsleitfaden,vorstellungsgespräch,8425,23,Primary Keyword,informational
Recruiting- & Gesprächsleitfaden,schadensersatzklage bewerbung,0,0,Secondary Keyword,informational
Digitale HR-Prozesslösungen,in-house factoring,0,0,Secondary Keyword,commercial
Digitale HR-Prozesslösungen,payroll service,346,0,Secondary Keyword,commercial
Digitale HR-Prozesslösungen,compliance,35779,27,Secondary Keyword,informational
Digitale HR-Prozesslösungen,equal pay,1385,24,Primary Keyword,informational
Digitale HR-Prozesslösungen,retention management,461,0,Primary Keyword,informational
Digitale HR-Prozesslösungen,erp-software,1154,20,Secondary Keyword,commercial
Digitale HR-Prozesslösungen,team workshop,115,0,Secondary Keyword,informational
Digitale HR-Prozesslösungen,facility services,230,11,Primary Keyword,informational
Digitale HR-Prozesslösungen,managed payroll,0,0,Primary Keyword,commercial
Digitale HR-Prozesslösungen,motivation,8887,11,Secondary Keyword,informational
Digitale HR-Prozesslösungen,bachelor human resource management,0,0,Secondary Keyword,informational
Digitale HR-Prozesslösungen,hr-outsourcing,0,0,Primary Keyword,informational
Digitale HR-Prozesslösungen,workforce management,461,0,Primary Keyword,informational
Digitale HR-Prozesslösungen,managed services,1385,1,Primary Keyword,commercial
Digitale HR-Prozesslösungen,backoffice as a service,0,0,Secondary Keyword,commercial
Digitale HR-Prozesslösungen,facility service,230,17,Secondary Keyword,informational
Digitale HR-Prozesslösungen,payroll outsourcing,0,3,Secondary Keyword,commercial
Digitale HR-Prozesslösungen,cloud-erp-lösung,115,0,Secondary Keyword,commercial
Digitale HR-Prozesslösungen,top-up-studium,0,0,Secondary Keyword,informational
Digitale HR-Prozesslösungen,full-service factoring,0,0,Secondary Keyword,commercial
Digitale HR-Prozesslösungen,predictive analytics,2077,43,Primary Keyword,informational
Digitale HR-Prozesslösungen,managed payroll service,0,0,Secondary Keyword,commercial
Effektives Stellenanzeigen-Management,stellenanzeige,2192,100,Primary Keyword,informational
Effektives Stellenanzeigen-Management,stellenanzeige formulieren,0,0,Secondary Keyword,informational
Effektives Stellenanzeigen-Management,stellenbeschreibung erstellen,115,0,Secondary Keyword,informational
Effektives Stellenanzeigen-Management,stellenausschreibung,2885,96,Primary Keyword,informational
Effektives Stellenanzeigen-Management,stellenanzeigen optimieren,0,47,Secondary Keyword,commercial
Effektives Stellenanzeigen-Management,inklusive stellenanzeigen,0,0,Secondary Keyword,informational
Effektives Stellenanzeigen-Management,stellenanzeige m/w/d,0,0,Primary Keyword,informational
Effektives Stellenanzeigen-Management,genderneutrale stellenausschreibung,0,0,Secondary Keyword,informational
Effektives Stellenanzeigen-Management,stellenanzeigen erstellen,0,33,Primary Keyword,commercial
Effektives Stellenanzeigen-Management,agg-konforme stellenanzeige,0,0,Primary Keyword,informational
Effektives Stellenanzeigen-Management,drittes geschlecht stellenanzeige,0,0,Secondary Keyword,informational
Effektives Stellenanzeigen-Management,stellenanzeigen schalten,115,56,Primary Keyword,commercial
KI-Strategie & Compliance,ki-ethik,115,8,Secondary Keyword,informational
KI-Strategie & Compliance,ki-agenten,230,5,Primary Keyword,informational
KI-Strategie & Compliance,agentic ai,26776,48,Secondary Keyword,informational
KI-Strategie & Compliance,ki-tools,461,25,Secondary Keyword,informational
KI-Strategie & Compliance,eu ai act,38664,88,Primary Keyword,informational
KI-Strategie & Compliance,generative ki,5655,25,Primary Keyword,informational
KI-Strategie & Compliance,prompting,4039,1,Primary Keyword,informational
KI-Strategie & Compliance,ai literacy,1846,34,Secondary Keyword,informational
KI-Strategie & Compliance,ki-compliance hr,0,0,Secondary Keyword,informational
KI-Strategie & Compliance,w-idnr,2308,7,Primary Keyword,informational
KI-Strategie & Compliance,hochrisiko-ki-systeme,0,0,Secondary Keyword,informational
KI-Strategie & Compliance,künstliche intelligenz,41550,60,Secondary Keyword,informational
KI-Strategie & Compliance,ki-audit,0,0,Secondary Keyword,informational
KI-Strategie & Compliance,ki-pilotprojekte,0,0,Secondary Keyword,informational
Finanzierung & Liquidität für Personaldienstleister,forderungsausfallschutz,0,22,Secondary Keyword,commercial
Finanzierung & Liquidität für Personaldienstleister,finanzierung zeitarbeit,0,0,Secondary Keyword,commercial
Finanzierung & Liquidität für Personaldienstleister,zahlungsziele zeitarbeit,0,0,Secondary Keyword,commercial
Finanzierung & Liquidität für Personaldienstleister,liquidität zeitarbeit,0,0,Primary Keyword,commercial
Finanzierung & Liquidität für Personaldienstleister,factoring zeitarbeit,0,0,Primary Keyword,commercial
Finanzierung & Liquidität für Personaldienstleister,personaldienstleister finanzierung,0,0,Secondary Keyword,commercial
Finanzierung & Liquidität für Personaldienstleister,zeitarbeitsfirma gründen,0,0,Primary Keyword,informational
Finanzierung & Liquidität für Personaldienstleister,zeitarbeit liquidität,0,0,Primary Keyword,commercial
Finanzierung & Liquidität für Personaldienstleister,personengesellschaft vorteile,0,0,Secondary Keyword,informational
Finanzierung & Liquidität für Personaldienstleister,forderungsmanagement,2192,0,Secondary Keyword,commercial
Finanzierung & Liquidität für Personaldienstleister,gmbh gründung,1269,3,Secondary Keyword,informational
Finanzierung & Liquidität für Personaldienstleister,zahlungsausfallrisiko,0,0,Secondary Keyword,commercial
Finanzierung & Liquidität für Personaldienstleister,businessplan zeitarbeit,0,48,Primary Keyword,informational
Finanzierung & Liquidität für Personaldienstleister,liquiditätsplanung zeitarbeitsfirma,0,0,Secondary Keyword,informational
Finanzierung & Liquidität für Personaldienstleister,vorfinanzierung löhne,0,0,Secondary Keyword,commercial
Finanzierung & Liquidität für Personaldienstleister,factoring personaldienstleister,0,0,Primary Keyword,commercial
Finanzierung & Liquidität für Personaldienstleister,existenzgründung pdl,0,0,Secondary Keyword,commercial
Finanzierung & Liquidität für Personaldienstleister,liquidität sichern,115,0,Primary Keyword,commercial
Finanzierung & Liquidität für Personaldienstleister,kapitalbedarfsplanung zeitarbeit,0,0,Secondary Keyword,informational
Finanzierung & Liquidität für Personaldienstleister,saisonale auftragsspitzen,0,0,Secondary Keyword,commercial
Finanzierung & Liquidität für Personaldienstleister,startkapital zeitarbeit,0,0,Primary Keyword,informational
Finanzierung & Liquidität für Personaldienstleister,factoring für personaldienstleister,0,0,Primary Keyword,commercial
Finanzierung & Liquidität für Personaldienstleister,finanzplan zeitarbeit,0,0,Secondary Keyword,informational
Finanzierung & Liquidität für Personaldienstleister,existenzgründung zeitarbeit,0,0,Secondary Keyword,informational
DSGVO & Datenschutz für Unternehmen,datenschutz für unternehmen,0,17,Secondary Keyword,informational
DSGVO & Datenschutz für Unternehmen,datenschutz in der ki,0,0,Secondary Keyword,informational
DSGVO & Datenschutz für Unternehmen,talentpool dsgvo,0,0,Secondary Keyword,informational
DSGVO & Datenschutz für Unternehmen,verzeichnis der verarbeitungstätigkeiten,0,11,Secondary Keyword,informational
DSGVO & Datenschutz für Unternehmen,dsgvo personalakte,0,48,Secondary Keyword,commercial
DSGVO & Datenschutz für Unternehmen,datensicherheit cloud,115,8,Secondary Keyword,informational
DSGVO & Datenschutz für Unternehmen,datenschutzeinwilligung,0,27,Secondary Keyword,informational
DSGVO & Datenschutz für Unternehmen,au-daten abrufen,0,0,Secondary Keyword,informational
DSGVO & Datenschutz für Unternehmen,datenschutz im recruiting,0,0,Primary Keyword,informational
DSGVO & Datenschutz für Unternehmen,personenbezogene daten schützen,0,29,Primary Keyword,informational
DSGVO & Datenschutz für Unternehmen,digitale personalakte,1154,0,Primary Keyword,commercial
DSGVO & Datenschutz für Unternehmen,dsgvo umsetzung,0,55,Primary Keyword,informational
DSGVO & Datenschutz für Unternehmen,bewerberdaten verarbeiten,0,0,Secondary Keyword,informational
DSGVO & Datenschutz für Unternehmen,dsgvo bewerbermanagement,0,0,Primary Keyword,informational
Digitale Personaldienstleistungs-Software,unternehmenssoftware zeitarbeit,0,0,Secondary Keyword,commercial
Digitale Personaldienstleistungs-Software,personaldienstleistungssoftware,0,0,Secondary Keyword,commercial
Digitale Personaldienstleistungs-Software,personaldienstleistung studieren,0,0,Primary Keyword,informational
Digitale Personaldienstleistungs-Software,cloud-lösungen zeitarbeit,0,0,Secondary Keyword,informational
Digitale Personaldienstleistungs-Software,iap zeitarbeit,0,0,Primary Keyword,informational
Digitale Personaldienstleistungs-Software,personaldienstleistungskaufmann weiterbildung,0,0,Secondary Keyword,informational
Digitale Personaldienstleistungs-Software,personaldienstleistung software,0,0,Primary Keyword,commercial
Digitale Personaldienstleistungs-Software,personaldienstleistung,807,75,Secondary Keyword,informational
Digitale Personaldienstleistungs-Software,saas zeitarbeit,0,0,Primary Keyword,informational
Digitale Personaldienstleistungs-Software,zeitarbeitssoftware,0,52,Secondary Keyword,commercial
Digitale Personaldienstleistungs-Software,personalvermittlung,4385,45,Secondary Keyword,informational
Digitale Personaldienstleistungs-Software,personaldisponent vertrieb,0,0,Primary Keyword,informational
Digitale Personaldienstleistungs-Software,neukundengewinnung zeitarbeit,0,0,Secondary Keyword,informational
Digitale Personaldienstleistungs-Software,ats zeitarbeit,0,0,Primary Keyword,commercial
Digitale Personaldienstleistungs-Software,telefonakquise zeitarbeit,0,0,Primary Keyword,informational
Digitale Personaldienstleistungs-Software,berufsbegleitendes studium personaldienstleistung,0,0,Primary Keyword,informational
Digitale Personaldienstleistungs-Software,personaldienstleister,2308,100,Primary Keyword,informational
Digitale Personaldienstleistungs-Software,saas für personaldienstleister,0,0,Secondary Keyword,commercial
Digitale Personaldienstleistungs-Software,personalakte zeitarbeit,0,0,Secondary Keyword,commercial
Digitale Personaldienstleistungs-Software,cloud-lösung zeitarbeit,0,0,Secondary Keyword,commercial
Digitale Personaldienstleistungs-Software,qualifizierte zeitarbeit,0,0,Primary Keyword,informational
Digitale Personaldienstleistungs-Software,all-in-one lösung personal,0,0,Secondary Keyword,commercial
Digitale Personaldienstleistungs-Software,auftragsabwicklung zeitarbeit,0,0,Secondary Keyword,commercial
Digitale Personaldienstleistungs-Software,zeitarbeit vertrieb,115,0,Secondary Keyword,informational
Digitale Personaldienstleistungs-Software,cloud software zeitarbeit,0,0,Primary Keyword,commercial
Digitale Personaldienstleistungs-Software,zeitarbeit software,0,0,Secondary Keyword,commercial
Digitale Personaldienstleistungs-Software,software für zeitarbeit,0,0,Secondary Keyword,commercial
Professionelle Eignungsdiagnostik & Auswahlverfahren,qualifikationen,577,20,Secondary Keyword,informational
Professionelle Eignungsdiagnostik & Auswahlverfahren,auswahlverfahren,0,0,Secondary Keyword,informational
Professionelle Eignungsdiagnostik & Auswahlverfahren,eignungsdiagnostik,0,0,Secondary Keyword,informational
Professionelle Eignungsdiagnostik & Auswahlverfahren,prognostische validität,230,0,Secondary Keyword,informational
Professionelle Eignungsdiagnostik & Auswahlverfahren,wahrnehmungsfehler,115,0,Secondary Keyword,informational
Professionelle Eignungsdiagnostik & Auswahlverfahren,din 33430,807,7,Secondary Keyword,informational
Professionelle Eignungsdiagnostik & Auswahlverfahren,online assessment center,0,3,Secondary Keyword,informational
Professionelle Eignungsdiagnostik & Auswahlverfahren,assessment center,7386,13,Primary Keyword,informational
Digitale Compliance & Bürokratieabbau,bürokratieentlastungsgesetz,461,12,Secondary Keyword,informational
Digitale Compliance & Bürokratieabbau,revisionssichere archivierung,461,0,Secondary Keyword,commercial
Digitale Compliance & Bürokratieabbau,nachweisgesetz elektronische form,0,0,Secondary Keyword,informational
Digitale Compliance & Bürokratieabbau,vertragsfreiheit,1500,0,Secondary Keyword,informational
Digitale Compliance & Bürokratieabbau,nachweisgesetz,3116,18,Secondary Keyword,informational
Digitale Compliance & Bürokratieabbau,bürokratieabbau unternehmen,0,0,Primary Keyword,informational
Digitale Compliance & Bürokratieabbau,elektronisches mitarbeiterpostfach,0,0,Secondary Keyword,informational
Digitale Compliance & Bürokratieabbau,konzernprivileg,0,0,Primary Keyword,informational
Digitale Compliance & Bürokratieabbau,unternehmensbasisdatenregistergesetz,0,0,Secondary Keyword,informational
Digitale Compliance & Bürokratieabbau,schriftformerfordernis,461,0,Secondary Keyword,informational
Digitale Compliance & Bürokratieabbau,textform arbeitsrecht,0,0,Secondary Keyword,informational
Digitale Compliance & Bürokratieabbau,aufbewahrungsfristen verkürzen,0,0,Secondary Keyword,informational
Digitale Lohnabrechnung & Outsourcing,sozialversicherung lohnabrechnung,0,19,Secondary Keyword,informational
Digitale Lohnabrechnung & Outsourcing,lohnabrechnung kosten,0,0,Secondary Keyword,informational
Digitale Lohnabrechnung & Outsourcing,lohnabrechnung dienstleistung,0,0,Secondary Keyword,commercial
Digitale Lohnabrechnung & Outsourcing,lohnabrechnung auslagern,115,0,Secondary Keyword,commercial
Digitale Lohnabrechnung & Outsourcing,digitale gehaltsabrechnung,0,16,Primary Keyword,informational
Digitale Lohnabrechnung & Outsourcing,lohnbuchhaltung automatisieren,0,0,Secondary Keyword,commercial
Digitale Lohnabrechnung & Outsourcing,lohnabrechnung,18928,19,Primary Keyword,commercial
Digitale Lohnabrechnung & Outsourcing,lohnbuchhaltung outsourcen,0,0,Secondary Keyword,commercial
Digitale Lohnabrechnung & Outsourcing,gehaltsabrechnung software,0,28,Secondary Keyword,commercial
Digitale Lohnabrechnung & Outsourcing,digitale lohnabrechnung,692,0,Secondary Keyword,commercial
Digitale Lohnabrechnung & Outsourcing,lohnabrechnung rechtssicher,0,0,Secondary Keyword,commercial
Digitale Lohnabrechnung & Outsourcing,entgeltabrechnung,2192,0,Primary Keyword,informational
Digitale Lohnabrechnung & Outsourcing,lohnabrechnung outsourcen,0,0,Secondary Keyword,commercial
Digitale Lohnabrechnung & Outsourcing,equal-pay-berechnung,0,0,Primary Keyword,informational
Digitale Lohnabrechnung & Outsourcing,lohnbuchhaltung outsourcing,0,0,Secondary Keyword,commercial
Digitale Lohnabrechnung & Outsourcing,automatisierung lohnabrechnung,0,0,Secondary Keyword,commercial
Digitale SV-Meldeprozesse & Unfallmanagement,gesetzliche unfallversicherung digitalisierung,0,0,Secondary Keyword,informational
Digitale SV-Meldeprozesse & Unfallmanagement,anzeigeverfahren agentur für arbeit,0,0,Secondary Keyword,informational
Digitale SV-Meldeprozesse & Unfallmanagement,sv-meldeportal,6463,27,Primary Keyword,informational
Digitale SV-Meldeprozesse & Unfallmanagement,meldepflicht arbeitsunfall,0,1,Secondary Keyword,informational
Digitale SV-Meldeprozesse & Unfallmanagement,sv.net abschaltung,0,0,Secondary Keyword,informational
Digitale SV-Meldeprozesse & Unfallmanagement,deüv-verfahren,115,0,Secondary Keyword,informational
Digitale SV-Meldeprozesse & Unfallmanagement,unfallanzeige elektronisch,0,0,Secondary Keyword,informational
Digitale SV-Meldeprozesse & Unfallmanagement,arbeitsunfall melden,230,0,Primary Keyword,informational
Digitale SV-Meldeprozesse & Unfallmanagement,elektronische arbeitsunfähigkeitsbescheinigung,1038,27,Primary Keyword,informational
Digitale SV-Meldeprozesse & Unfallmanagement,sozialversicherungsmeldungen,0,10,Primary Keyword,informational
Digitale SV-Meldeprozesse & Unfallmanagement,elektronisches meldeverfahren,0,0,Secondary Keyword,informational
Digitale SV-Meldeprozesse & Unfallmanagement,digitale unfallanzeige,0,0,Primary Keyword,informational
Modernes Recruiting & Employer Branding,bewerbermatching,0,0,Secondary Keyword,informational
Modernes Recruiting & Employer Branding,karriereseite,1038,27,Secondary Keyword,informational
Modernes Recruiting & Employer Branding,recruiting automatisierung,0,0,Secondary Keyword,commercial
Modernes Recruiting & Employer Branding,digitale mitarbeitergewinnung,0,0,Secondary Keyword,commercial
Modernes Recruiting & Employer Branding,recruiting strategien,0,0,Primary Keyword,commercial
Modernes Recruiting & Employer Branding,kandidaten finden,0,0,Secondary Keyword,commercial
Modernes Recruiting & Employer Branding,arbeitgebermarke,115,10,Secondary Keyword,informational
Modernes Recruiting & Employer Branding,kununu arbeitgeberprofil,0,58,Secondary Keyword,informational
Modernes Recruiting & Employer Branding,automatisierung recruiting,0,0,Secondary Keyword,informational
Modernes Recruiting & Employer Branding,bewerberzielgruppen,0,0,Secondary Keyword,informational
Modernes Recruiting & Employer Branding,bewerbermanagementsoftware,0,10,Secondary Keyword,informational
Modernes Recruiting & Employer Branding,digitales recruiting,0,0,Secondary Keyword,informational
Modernes Recruiting & Employer Branding,personalauswahl,0,1,Secondary Keyword,informational
Modernes Recruiting & Employer Branding,recruiting-prozess optimieren,0,0,Secondary Keyword,informational
Modernes Recruiting & Employer Branding,externes personalmarketing,0,0,Primary Keyword,informational
Modernes Recruiting & Employer Branding,bewerberansprache,0,0,Secondary Keyword,informational
Modernes Recruiting & Employer Branding,personalrekrutierung,115,0,Secondary Keyword,informational
Modernes Recruiting & Employer Branding,arbeitgeberimage,230,0,Secondary Keyword,informational
Modernes Recruiting & Employer Branding,mitarbeiter finden,1385,33,Primary Keyword,informational
Modernes Recruiting & Employer Branding,recruiting prozess automatisieren,0,0,Secondary Keyword,commercial
Modernes Recruiting & Employer Branding,bewerbermanagement software,0,10,Primary Keyword,commercial
Modernes Recruiting & Employer Branding,fehlbesetzungen vermeiden,0,0,Secondary Keyword,informational
Modernes Recruiting & Employer Branding,recruiting prozess,346,0,Primary Keyword,informational
Modernes Recruiting & Employer Branding,künstliche intelligenz recruiting,0,48,Secondary Keyword,informational
Modernes Recruiting & Employer Branding,personal rekrutieren,0,0,Secondary Keyword,commercial
Modernes Recruiting & Employer Branding,ki im recruiting,346,0,Primary Keyword,informational
Modernes Recruiting & Employer Branding,künstliche intelligenz personalgewinnung,0,0,Primary Keyword,informational
Modernes Recruiting & Employer Branding,prozessoptimierung recruiting,0,0,Secondary Keyword,commercial
Modernes Recruiting & Employer Branding,recruiting-prozess,0,0,Primary Keyword,informational
Modernes Recruiting & Employer Branding,wunschkandidat finden,0,0,Secondary Keyword,informational
Modernes Recruiting & Employer Branding,bewerbermanagement,346,15,Secondary Keyword,commercial
Entgelt und Mindestlohn kompakt,bag urteil,0,30,Secondary Keyword,informational
Entgelt und Mindestlohn kompakt,gvp dgb tarifvertrag,115,0,Secondary Keyword,informational
Entgelt und Mindestlohn kompakt,branchen-mindestlohn,0,0,Secondary Keyword,informational
Entgelt und Mindestlohn kompakt,lohnerhöhung 2025,230,38,Secondary Keyword,informational
Entgelt und Mindestlohn kompakt,entgelttabelle,230,56,Secondary Keyword,informational
Entgelt und Mindestlohn kompakt,branchenmindestlohn,115,31,Secondary Keyword,informational
Entgelt und Mindestlohn kompakt,dgb gvp tarifvertrag,230,0,Secondary Keyword,informational
Entgelt und Mindestlohn kompakt,mindestlohn personaldienstleistung,0,0,Primary Keyword,informational
Entgelt und Mindestlohn kompakt,gesetzlicher mindestlohn,1731,52,Primary Keyword,informational
Entgelt und Mindestlohn kompakt,mindestlohn 2024,10387,41,Secondary Keyword,informational
Entgelt und Mindestlohn kompakt,tarifliche stundenlöhne,0,0,Secondary Keyword,informational
GVP-Tarifmanagement Integration,gvp-tarifwerk,0,0,Secondary Keyword,informational
GVP-Tarifmanagement Integration,tarifimport,0,0,Primary Keyword,transactional
GVP-Tarifmanagement Integration,gvp-tarif,1038,0,Primary Keyword,transactional
Arbeitnehmerüberlassung: Erlaubnis & Rechtliches,arbeitnehmerüberlassung erlaubnis,0,22,Secondary Keyword,commercial
Arbeitnehmerüberlassung: Erlaubnis & Rechtliches,arbeitnehmerüberlassungserlaubnis kosten,0,30,Secondary Keyword,informational
Arbeitnehmerüberlassung: Erlaubnis & Rechtliches,arbeitnehmerüberlassung,15581,23,Secondary Keyword,informational
Arbeitnehmerüberlassung: Erlaubnis & Rechtliches,schriftformerfordernis aüg,0,0,Secondary Keyword,informational
Arbeitnehmerüberlassung: Erlaubnis & Rechtliches,schriftform zeitarbeit,0,0,Primary Keyword,informational
Arbeitnehmerüberlassung: Erlaubnis & Rechtliches,erlaubnis zur arbeitnehmerüberlassung,115,15,Secondary Keyword,informational
Arbeitnehmerüberlassung: Erlaubnis & Rechtliches,fachliche weisungen aüg,230,0,Secondary Keyword,informational
Arbeitnehmerüberlassung: Erlaubnis & Rechtliches,aü-erlaubnis beantragen,0,0,Secondary Keyword,informational
Arbeitnehmerüberlassung: Erlaubnis & Rechtliches,arbeitnehmerüberlassungserlaubnis,0,0,Secondary Keyword,informational
Arbeitnehmerüberlassung: Erlaubnis & Rechtliches,aüg textform,0,0,Secondary Keyword,informational
Arbeitnehmerüberlassung: Erlaubnis & Rechtliches,aüg,3577,44,Secondary Keyword,informational
Arbeitnehmerüberlassung: Erlaubnis & Rechtliches,arbeitnehmerüberlassungsvertrag,115,0,Primary Keyword,informational
Arbeitnehmerüberlassung: Erlaubnis & Rechtliches,rechtsform zeitarbeit,0,0,Primary Keyword,informational
Arbeitnehmerüberlassung: Erlaubnis & Rechtliches,schriftformerfordernis zeitarbeit,0,0,Secondary Keyword,informational
Arbeitnehmerüberlassung: Erlaubnis & Rechtliches,arbeitnehmerüberlassungsgesetz,1269,44,Secondary Keyword,informational
Moderne Mitarbeiterführung & Teamentwicklung,personalführung,1269,0,Secondary Keyword,informational
Moderne Mitarbeiterführung & Teamentwicklung,soziales faulenzen,115,0,Secondary Keyword,informational
Moderne Mitarbeiterführung & Teamentwicklung,fehlentscheidungen,115,0,Secondary Keyword,informational
Moderne Mitarbeiterführung & Teamentwicklung,mitarbeiterleistung messen,0,0,Secondary Keyword,informational
Moderne Mitarbeiterführung & Teamentwicklung,mitarbeitermotivation,807,6,Primary Keyword,informational
Moderne Mitarbeiterführung & Teamentwicklung,teamarbeit,692,10,Primary Keyword,informational
Moderne Mitarbeiterführung & Teamentwicklung,entwicklungsperspektiven,0,0,Secondary Keyword,informational
Moderne Mitarbeiterführung & Teamentwicklung,ausbildungsbetrieb,0,0,Secondary Keyword,informational
Moderne Mitarbeiterführung & Teamentwicklung,mitarbeiterfeedback,115,12,Secondary Keyword,informational
Moderne Mitarbeiterführung & Teamentwicklung,gruppendynamik,1038,4,Primary Keyword,informational
Moderne Mitarbeiterführung & Teamentwicklung,mitarbeiterbeurteilung,0,0,Primary Keyword,informational
Moderne Mitarbeiterführung & Teamentwicklung,moderne arbeitswelten,0,0,Secondary Keyword,commercial
Moderne Mitarbeiterführung & Teamentwicklung,mitarbeiterzufriedenheit,346,12,Secondary Keyword,informational
Moderne Mitarbeiterführung & Teamentwicklung,erwartungsmanagement,577,0,Primary Keyword,informational
Moderne Mitarbeiterführung & Teamentwicklung,integration am arbeitsplatz,0,0,Secondary Keyword,informational
Moderne Mitarbeiterführung & Teamentwicklung,leitfaden mitarbeitergespräch,115,1,Secondary Keyword,informational
Moderne Mitarbeiterführung & Teamentwicklung,mitarbeiterbindung,461,11,Secondary Keyword,informational
Moderne Mitarbeiterführung & Teamentwicklung,mitarbeitergespräch,4039,0,Primary Keyword,informational
Moderne Mitarbeiterführung & Teamentwicklung,onboarding neue mitarbeiter,0,2,Secondary Keyword,commercial
Moderne Mitarbeiterführung & Teamentwicklung,innere kündigung,346,4,Secondary Keyword,informational
Moderne Mitarbeiterführung & Teamentwicklung,personalgespräch,461,0,Secondary Keyword,informational
Moderne Mitarbeiterführung & Teamentwicklung,mitarbeiterführung,4270,0,Secondary Keyword,informational
Moderne Mitarbeiterführung & Teamentwicklung,zielvereinbarung,1500,0,Secondary Keyword,informational
Moderne Mitarbeiterführung & Teamentwicklung,mitarbeiterfluktuation,807,0,Secondary Keyword,informational
Moderne Mitarbeiterführung & Teamentwicklung,konfliktmanagement,1038,7,Secondary Keyword,informational
Moderne Mitarbeiterführung & Teamentwicklung,feedbackgespräch,807,0,Primary Keyword,informational
Moderne Mitarbeiterführung & Teamentwicklung,mitarbeiter motivieren,1269,6,Secondary Keyword,informational
E-Rechnungspflicht & Digitale Rechnungsstellung,e-rechnungspflicht,2192,42,Primary Keyword,informational
E-Rechnungspflicht & Digitale Rechnungsstellung,e-rechnung pflicht,1038,42,Secondary Keyword,informational
E-Rechnungspflicht & Digitale Rechnungsstellung,digitale rechnungsstellung,0,0,Primary Keyword,informational
E-Rechnungspflicht & Digitale Rechnungsstellung,b2b-rechnungen,0,0,Secondary Keyword,informational
E-Rechnungspflicht & Digitale Rechnungsstellung,x-rechnung,577,79,Secondary Keyword,informational
E-Rechnungspflicht & Digitale Rechnungsstellung,elektronische rechnung,1269,56,Primary Keyword,informational
E-Rechnungspflicht & Digitale Rechnungsstellung,zugferd,13850,11,Secondary Keyword,informational
E-Rechnungspflicht & Digitale Rechnungsstellung,xrechnung,6809,42,Secondary Keyword,informational
Effizientes Multiposting & PUEG-Compliance,multiposting,230,11,Secondary Keyword,commercial
Effizientes Multiposting & PUEG-Compliance,multi-channel-posting,0,48,Secondary Keyword,informational
Effizientes Multiposting & PUEG-Compliance,pueg,461,31,Secondary Keyword,informational
Digitale Zeiterfassung & Produktivitätsanalyse,arbeitsleistung dokumentieren,0,0,Secondary Keyword,informational
Digitale Zeiterfassung & Produktivitätsanalyse,stundenerfassung,0,3,Secondary Keyword,commercial
Digitale Zeiterfassung & Produktivitätsanalyse,zeiterfassung software,577,11,Secondary Keyword,informational
Digitale Zeiterfassung & Produktivitätsanalyse,arbeitsproduktivität messen,0,0,Primary Keyword,informational
Digitale Zeiterfassung & Produktivitätsanalyse,arbeitszeitdaten erfassen,0,0,Primary Keyword,informational
Digitale Zeiterfassung & Produktivitätsanalyse,digitale arbeitsscheine,0,0,Primary Keyword,informational
Digitale Zeiterfassung & Produktivitätsanalyse,arbeitszeiterfassung,6232,18,Secondary Keyword,informational
Digitale Zeiterfassung & Produktivitätsanalyse,digitale zeiterfassung zeitarbeit,0,0,Secondary Keyword,commercial
Digitale Zeiterfassung & Produktivitätsanalyse,arbeitsproduktivität berechnen,230,0,Primary Keyword,informational
Digitale Zeiterfassung & Produktivitätsanalyse,digitale zeiterfassung,0,24,Secondary Keyword,commercial
Digitale Zeiterfassung & Produktivitätsanalyse,produktivitätskennzahlen,0,0,Secondary Keyword,informational
Digitale Zeiterfassung & Produktivitätsanalyse,arbeitszeitkonto,1154,1,Primary Keyword,informational
Digitale Zeiterfassung & Produktivitätsanalyse,mobile zeiterfassung,0,2,Secondary Keyword,informational
Digitale Gebäudereinigung & Management,lohnbuchhaltung gebäudereinigung,0,0,Secondary Keyword,informational
Digitale Gebäudereinigung & Management,gebäudedienstleistung,0,4,Primary Keyword,informational
Digitale Gebäudereinigung & Management,mindestlohn gebäudereinigung,115,8,Primary Keyword,informational
Digitale Gebäudereinigung & Management,marktvolumen facility services,0,0,Secondary Keyword,informational
Digitale Gebäudereinigung & Management,reinigungskräfte,230,37,Secondary Keyword,informational
Digitale Gebäudereinigung & Management,gebäudedienstleister tarifvertrag,0,0,Secondary Keyword,informational
Digitale Gebäudereinigung & Management,daytime cleaning,0,0,Primary Keyword,informational
Digitale Gebäudereinigung & Management,fachkräftemangel gebäudedienstleistung,0,0,Secondary Keyword,informational
Digitale Gebäudereinigung & Management,digitalisierung in der reinigung,0,0,Secondary Keyword,informational
Digitale Gebäudereinigung & Management,automatisierung reinigung,0,0,Secondary Keyword,informational
Digitale Gebäudereinigung & Management,automatisierung gebäudereinigung,0,0,Secondary Keyword,informational
Digitale Gebäudereinigung & Management,gebäudereinigung tarif,0,0,Primary Keyword,informational
Digitale Gebäudereinigung & Management,reinigungsmesse,0,0,Primary Keyword,informational
Digitale Gebäudereinigung & Management,fachkräftemangel facility services,0,0,Secondary Keyword,informational
Digitale Gebäudereinigung & Management,digitalisierung gebäudereinigung,0,0,Secondary Keyword,informational
Digitale Gebäudereinigung & Management,gebäudereinigung personalmangel,0,0,Primary Keyword,informational
Digitale Gebäudereinigung & Management,gebäudereinigung,5193,54,Primary Keyword,informational
Digitale Gebäudereinigung & Management,fachkräftemangel reinigung,0,0,Secondary Keyword,informational
Digitale Gebäudereinigung & Management,gebäudereinigungssoftware,0,0,Secondary Keyword,informational
Digitale Gebäudereinigung & Management,gebäudedienstleister,0,58,Primary Keyword,informational
Digitale Gebäudereinigung & Management,nachhaltige reinigung,0,6,Secondary Keyword,informational
Digitale Gebäudereinigung & Management,lohnabrechnung gebäudereinigung,0,0,Secondary Keyword,informational
Digitale Gebäudereinigung & Management,branchenmindestlohn gebäudereinigung,0,0,Secondary Keyword,informational
Hinweisgebersystem & Compliance-Richtlinien,hinweisgebersystem,230,11,Secondary Keyword,informational
Hinweisgebersystem & Compliance-Richtlinien,meldestelle einrichten,0,0,Secondary Keyword,informational
Hinweisgebersystem & Compliance-Richtlinien,interne meldestelle,0,0,Primary Keyword,informational
Hinweisgebersystem & Compliance-Richtlinien,hinweisgeberschutzgesetz,3924,34,Primary Keyword,informational
Lohnabrechnung und Sozialversicherungsrecht,bürgergeld arbeitgeber,0,0,Primary Keyword,informational
Lohnabrechnung und Sozialversicherungsrecht,sozialabgaben,2654,0,Secondary Keyword,informational
Lohnabrechnung und Sozialversicherungsrecht,pfändungstabelle,2539,19,Secondary Keyword,informational
Lohnabrechnung und Sozialversicherungsrecht,steuerfreie sonderzahlung,0,0,Secondary Keyword,informational
Lohnabrechnung und Sozialversicherungsrecht,pflegeversicherung beiträge,0,11,Primary Keyword,informational
Lohnabrechnung und Sozialversicherungsrecht,sozialversicherung,4847,30,Primary Keyword,informational
Lohnabrechnung und Sozialversicherungsrecht,vergleichsentgelt,0,0,Secondary Keyword,informational
Lohnabrechnung und Sozialversicherungsrecht,übergangsbereich,346,0,Secondary Keyword,informational
Lohnabrechnung und Sozialversicherungsrecht,hinzuverdienstgrenze,0,0,Secondary Keyword,informational
Lohnabrechnung und Sozialversicherungsrecht,pfändungsfreigrenzen 2025,461,0,Primary Keyword,informational
Lohnabrechnung und Sozialversicherungsrecht,beschäftigungspflicht schwerbehinderte,0,92,Primary Keyword,informational
Lohnabrechnung und Sozialversicherungsrecht,integrationsamt,1038,14,Secondary Keyword,informational
Lohnabrechnung und Sozialversicherungsrecht,beitragssatz pflegeversicherung,346,11,Secondary Keyword,informational
Lohnabrechnung und Sozialversicherungsrecht,versicherungspflichtgrenze,1038,12,Secondary Keyword,informational
Lohnabrechnung und Sozialversicherungsrecht,lohnkosten senken,0,0,Secondary Keyword,informational
Lohnabrechnung und Sozialversicherungsrecht,vl arbeitgeber,115,19,Primary Keyword,informational
Lohnabrechnung und Sozialversicherungsrecht,pflichtquote schwerbehinderte,0,55,Secondary Keyword,informational
Lohnabrechnung und Sozialversicherungsrecht,abgabepflicht kurzarbeit,0,10,Primary Keyword,informational
Lohnabrechnung und Sozialversicherungsrecht,kurzarbeit,7155,33,Secondary Keyword,informational
Lohnabrechnung und Sozialversicherungsrecht,teilzeitanspruch,0,0,Secondary Keyword,informational
Lohnabrechnung und Sozialversicherungsrecht,gehaltsextras,0,0,Secondary Keyword,informational
Lohnabrechnung und Sozialversicherungsrecht,midijob,13619,6,Primary Keyword,informational
Lohnabrechnung und Sozialversicherungsrecht,minijob vs midijob,461,6,Secondary Keyword,informational
Lohnabrechnung und Sozialversicherungsrecht,midijob verdienstgrenze,0,24,Primary Keyword,informational
Lohnabrechnung und Sozialversicherungsrecht,vermögenswirksame leistungen,23660,32,Primary Keyword,informational
Lohnabrechnung und Sozialversicherungsrecht,sozialversicherungspflicht,2077,0,Secondary Keyword,informational
Lohnabrechnung und Sozialversicherungsrecht,beitragsbemessungsgrenzen 2024,692,4,Primary Keyword,informational
Lohnabrechnung und Sozialversicherungsrecht,lohnpfändung,1154,0,Primary Keyword,informational
Lohnabrechnung und Sozialversicherungsrecht,beschäftigungsrisiko,0,0,Secondary Keyword,informational
Lohnabrechnung und Sozialversicherungsrecht,inflationsausgleichsprämie,6117,12,Primary Keyword,informational
Lohnabrechnung und Sozialversicherungsrecht,arbeitsrecht,3231,17,Secondary Keyword,informational
Lohnabrechnung und Sozialversicherungsrecht,renteneintritt,807,40,Primary Keyword,informational
Lohnabrechnung und Sozialversicherungsrecht,flexirente,807,0,Secondary Keyword,informational
Lohnabrechnung und Sozialversicherungsrecht,ausgleichsabgabe,115,42,Primary Keyword,informational
Lohnabrechnung und Sozialversicherungsrecht,progressionsvorbehalt,6347,3,Secondary Keyword,informational
Lohnabrechnung und Sozialversicherungsrecht,lohnnebenkosten sparen,0,0,Secondary Keyword,informational
Lohnabrechnung und Sozialversicherungsrecht,allgemeines gleichbehandlungsgesetz,2077,56,Secondary Keyword,informational
Lohnabrechnung und Sozialversicherungsrecht,entgeltfortzahlung,692,19,Secondary Keyword,informational
